Listing Id,Name,25/07/22,26/07/22,27/07/22,28/07/22,29/07/22,30/07/22,31/07/22,01/08/22,02/08/22,03/08/22,04/08/22,05/08/22,06/08/22,07/08/22,08/08/22,09/08/22,10/08/22,11/08/22,12/08/22,13/08/22,14/08/22,15/08/22,16/08/22,17/08/22,18/08/22,19/08/22,20/08/22,21/08/22,22/08/22,23/08/22,24/08/22,25/08/22,26/08/22,27/08/22,28/08/22,29/08/22,30/08/22,31/08/22,01/09/22,02/09/22,03/09/22,04/09/22,05/09/22,06/09/22,07/09/22,08/09/22,09/09/22,10/09/22,11/09/22,12/09/22,13/09/22,14/09/22,15/09/22,16/09/22,17/09/22,18/09/22,19/09/22,20/09/22,21/09/22,22/09/22,23/09/22,24/09/22,25/09/22,26/09/22,27/09/22,28/09/22,29/09/22,30/09/22,01/10/22,02/10/22,03/10/22,04/10/22,05/10/22,06/10/22,07/10/22,08/10/22,09/10/22,10/10/22,11/10/22,12/10/22,13/10/22,14/10/22,15/10/22,16/10/22,17/10/22,18/10/22,19/10/22,20/10/22,21/10/22,22/10/22,23/10/22,24/10/22,25/10/22,26/10/22,27/10/22,28/10/22,29/10/22,30/10/22,31/10/22,01/11/22,02/11/22,03/11/22,04/11/22,05/11/22,06/11/22,07/11/22,08/11/22,09/11/22,10/11/22,11/11/22,12/11/22,13/11/22,14/11/22,15/11/22,16/11/22,17/11/22,18/11/22,19/11/22,20/11/22,21/11/22,22/11/22,23/11/22,24/11/22,25/11/22,26/11/22,27/11/22,28/11/22,29/11/22,30/11/22,01/12/22,02/12/22,03/12/22,04/12/22,05/12/22,06/12/22,07/12/22,08/12/22,09/12/22,10/12/22,11/12/22,12/12/22,13/12/22,14/12/22,15/12/22,16/12/22,17/12/22,18/12/22,19/12/22,20/12/22,21/12/22,22/12/22,23/12/22,24/12/22,25/12/22,26/12/22,27/12/22,28/12/22,29/12/22,30/12/22,31/12/22,01/01/23,02/01/23,03/01/23,04/01/23,05/01/23,06/01/23,07/01/23,08/01/23,09/01/23,10/01/23,11/01/23,12/01/23,13/01/23,14/01/23,15/01/23,16/01/23,17/01/23,18/01/23,19/01/23,20/01/23,21/01/23,22/01/23,23/01/23,24/01/23,25/01/23,26/01/23,27/01/23,28/01/23,29/01/23,30/01/23,31/01/23,01/02/23,02/02/23,03/02/23,04/02/23,05/02/23,06/02/23,07/02/23,08/02/23,09/02/23,10/02/23,11/02/23,12/02/23,13/02/23,14/02/23,15/02/23,16/02/23,17/02/23,18/02/23,19/02/23,20/02/23,21/02/23,22/02/23,23/02/23,24/02/23,25/02/23,26/02/23,27/02/23,28/02/23,01/03/23,02/03/23,03/03/23,04/03/23,05/03/23,06/03/23,07/03/23,08/03/23,09/03/23,10/03/23,11/03/23,12/03/23,13/03/23,14/03/23,15/03/23,16/03/23,17/03/23,18/03/23,19/03/23,20/03/23,21/03/23,22/03/23,23/03/23,24/03/23,25/03/23,26/03/23,27/03/23,28/03/23,29/03/23,30/03/23,31/03/23,01/04/23,02/04/23,03/04/23,04/04/23,05/04/23,06/04/23,07/04/23,08/04/23,09/04/23,10/04/23,11/04/23,12/04/23,13/04/23,14/04/23,15/04/23,16/04/23,17/04/23,18/04/23,19/04/23,20/04/23,21/04/23,22/04/23,23/04/23,24/04/23,25/04/23,26/04/23,27/04/23,28/04/23,29/04/23,30/04/23,01/05/23,02/05/23,03/05/23,04/05/23,05/05/23,06/05/23,07/05/23,08/05/23,09/05/23,10/05/23,11/05/23,12/05/23,13/05/23,14/05/23,15/05/23,16/05/23,17/05/23,18/05/23,19/05/23,20/05/23,21/05/23,22/05/23,23/05/23,24/05/23,25/05/23,26/05/23,27/05/23,28/05/23,29/05/23,30/05/23,31/05/23,01/06/23,02/06/23,03/06/23,04/06/23,05/06/23,06/06/23,07/06/23,08/06/23,09/06/23,10/06/23,11/06/23,12/06/23,13/06/23,14/06/23,15/06/23,16/06/23,17/06/23,18/06/23,19/06/23,20/06/23,21/06/23,22/06/23,23/06/23,24/06/23,25/06/23,26/06/23,27/06/23,28/06/23,29/06/23,30/06/23,01/07/23,02/07/23,03/07/23,04/07/23,05/07/23,06/07/23,07/07/23,08/07/23,09/07/23,10/07/23,11/07/23,12/07/23,13/07/23,14/07/23,15/07/23,16/07/23,17/07/23,18/07/23,19/07/23,20/07/23,21/07/23,22/07/23,23/07/23,24/07/23,25/07/23,26/07/23,27/07/23,28/07/23,29/07/23,30/07/23,31/07/23,01/08/23,02/08/23,03/08/23,04/08/23,05/08/23,06/08/23,07/08/23,08/08/23,09/08/23,10/08/23,11/08/23,12/08/23,13/08/23,14/08/23,15/08/23,16/08/23,17/08/23,18/08/23,19/08/23,20/08/23,21/08/23,22/08/23,23/08/23,24/08/23,25/08/23,26/08/23,27/08/23,28/08/23,29/08/23,30/08/23,31/08/23,01/09/23,02/09/23,03/09/23,04/09/23,05/09/23,06/09/23,07/09/23,08/09/23,09/09/23,10/09/23,11/09/23,12/09/23,13/09/23,14/09/23,15/09/23,16/09/23,17/09/23,18/09/23,19/09/23,20/09/23,21/09/23,22/09/23,23/09/23,24/09/23,25/09/23,26/09/23,27/09/23,28/09/23,29/09/23,30/09/23,01/10/23,02/10/23,03/10/23,04/10/23,05/10/23,06/10/23,07/10/23,08/10/23,09/10/23,10/10/23,11/10/23,12/10/23,13/10/23,14/10/23,15/10/23,16/10/23,17/10/23,18/10/23,19/10/23,20/10/23,21/10/23,22/10/23,23/10/23,24/10/23,25/10/23,26/10/23,27/10/23,28/10/23,29/10/23,30/10/23,31/10/23,01/11/23,02/11/23,03/11/23,04/11/23,05/11/23,06/11/23,07/11/23,08/11/23,09/11/23,10/11/23,11/11/23,12/11/23,13/11/23,14/11/23,15/11/23,16/11/23,17/11/23,18/11/23,19/11/23,20/11/23,21/11/23,22/11/23,23/11/23,24/11/23,25/11/23,26/11/23,27/11/23,28/11/23,29/11/23,30/11/23,01/12/23,02/12/23,03/12/23,04/12/23,05/12/23,06/12/23,07/12/23,08/12/23,09/12/23,10/12/23,11/12/23,12/12/23,13/12/23,14/12/23,15/12/23,16/12/23,17/12/23,18/12/23,19/12/23,20/12/23,21/12/23,22/12/23,23/12/23,24/12/23,25/12/23,26/12/23,27/12/23,28/12/23,29/12/23,30/12/23,31/12/23,01/01/24,02/01/24,03/01/24,04/01/24,05/01/24,06/01/24,07/01/24,08/01/24,09/01/24,10/01/24,11/01/24,12/01/24,13/01/24,14/01/24,15/01/24,16/01/24,17/01/24,18/01/24,19/01/24,20/01/24,21/01/24,22/01/24,23/01/24,24/01/24,25/01/24,26/01/24,27/01/24,28/01/24,29/01/24,30/01/24,31/01/24,01/02/24,02/02/24,03/02/24,04/02/24,05/02/24,06/02/24,07/02/24,08/02/24,09/02/24,10/02/24,11/02/24,12/02/24,13/02/24,14/02/24,15/02/24,16/02/24,17/02/24,18/02/24,19/02/24,20/02/24,21/02/24,22/02/24,23/02/24,24/02/24,25/02/24,26/02/24,27/02/24,28/02/24,29/02/24,01/03/24,02/03/24,03/03/24,04/03/24,05/03/24,06/03/24,07/03/24,08/03/24,09/03/24,10/03/24,11/03/24,12/03/24,13/03/24,14/03/24,15/03/24,16/03/24,17/03/24,18/03/24,19/03/24,20/03/24,21/03/24,22/03/24,23/03/24,24/03/24,25/03/24,26/03/24,27/03/24,28/03/24,29/03/24,30/03/24,31/03/24,01/04/24,02/04/24,03/04/24,04/04/24,05/04/24,06/04/24,07/04/24,08/04/24,09/04/24,10/04/24,11/04/24,12/04/24,13/04/24,14/04/24,15/04/24,16/04/24,17/04/24,18/04/24,19/04/24,20/04/24,21/04/24,22/04/24,23/04/24,24/04/24,25/04/24,26/04/24,27/04/24,28/04/24,29/04/24,30/04/24,01/05/24,02/05/24,03/05/24,04/05/24,05/05/24,06/05/24,07/05/24,08/05/24,09/05/24,10/05/24,11/05/24,12/05/24,13/05/24,14/05/24,15/05/24,16/05/24,17/05/24,18/05/24,19/05/24,20/05/24,21/05/24,22/05/24,23/05/24,24/05/24,25/05/24,26/05/24,27/05/24,28/05/24,29/05/24,30/05/24,31/05/24,01/06/24,02/06/24,03/06/24,04/06/24,05/06/24,06/06/24,07/06/24,08/06/24,09/06/24,10/06/24,11/06/24,12/06/24,13/06/24,14/06/24,15/06/24,16/06/24,17/06/24,18/06/24,19/06/24,20/06/24,21/06/24,22/06/24,23/06/24,24/06/24,25/06/24,26/06/24,27/06/24,28/06/24,29/06/24,30/06/24,01/07/24,02/07/24,03/07/24,04/07/24,05/07/24,06/07/24,07/07/24,08/07/24,09/07/24,10/07/24,11/07/24,12/07/24,13/07/24,14/07/24,15/07/24,16/07/24,17/07/24,18/07/24,19/07/24,20/07/24,21/07/24,22/07/24,23/07/24
121.9406110.8484980,The Blue Emerald 2 bedroom 2 bathrooms ,370,370,370,370,370,370,370,370,290,290,290,290,290,290,290,290,290,290,290,290,290,290,290,290,290,290,290,290,290,290,290,290,290,290,290,290,290,290,290,290,290,290,290,290,290,290,290,290,290,290,290,290,290,290,290,290,290,290,290,290,290,290,290,290,290,290,290,290,290,340,340,340,340,340,340,340,340,340,340,340,340,340,340,340,340,340,340,340,340,340,340,340,340,340,340,340,340,340,340,340,340,340,340,340,340,340,340,340,340,340,340,340,340,340,340,340,340,340,340,340,340,340,340,340,340,340,340,340,340,340,340,340,340,340,340,340,340,340,340,340,340,340,340,340,340,340,340,340,340,340,340,340,340,340,340,340,340,340,340,340,340,300,300,300,300,300,300,300,300,300,300,300,300,300,300,300,300,300,300,300,300,300,300,300,300,300,300,300,300,300,300,300,300,300,300,300,300,300,300,300,300,300,300,300,300,300,300,300,300,300,300,300,300,300,300,300,300,300,300,300,300,300,300,300,300,300,300,300,300,300,300,300,300,300,300,300,300,300,300,300,300,300,300,300,300,300,300,300,300,300,300,350,350,350,350,350,350,350,350,350,350,350,350,350,350,350,350,350,350,350,350,350,350,350,350,350,350,350,350,350,350,350,350,350,350,350,350,350,350,350,350,350,350,350,350,350,350,350,350,350,350,350,350,350,350,350,350,350,350,350,350,350,350,350,350,350,350,350,350,350,350,350,350,350,350,350,350,350,350,350,350,350,350,350,350,350,350,350,350,350,350,350,350,350,350,350,350,350,350,350,350,350,350,350,350,350,350,350,350,350,350,350,350,350,350,350,350,350,350,350,350,350,350,350,350,350,350,350,350,350,350,350,350,350,350,350,350,350,350,350,350,350,350,350,350,350,350,350,350,350,350,350,350,350,300,300,300,300,300,300,300,300,300,300,300,300,300,300,300,300,300,300,300,300,300,300,300,300,300,300,300,300,300,300,300,300,300,300,300,300,300,300,300,300,300,300,300,300,300,300,300,300,300,300,300,300,300,300,300,300,300,300,300,300,300,300,300,300,300,300,300,300,300,300,300,300,300,300,300,300,300,300,300,300,300,300,300,300,300,300,300,300,300,300,300,300,300,300,300,300,300,300,300,300,300,300,300,300,300,300,300,300,300,300,300,300,300,300,300,300,300,300,300,300,300,300,300,300,300,300,300,300,300,300,300,300,300,300,300,300,300,300,300,300,300,300,300,300,300,300,300,300,300,300,300,300,300,300,300,300,300,300,300,300,300,300,300,300,300,300,300,300,300,300,300,300,300,300,300,300,300,300,300,300,300,300,300,300,300,300,300,300,300,300,300,300,300,300,300,300,300,300,300,300,300,300,300,300,300,300,300,300,300,300,300,300,300,300,300,300,300,300,300,300,300,300,300,300,300,300,300,300,300,300,300,300,300,300,300,300,300,300,300,300,300,300,300,300,300,300,300,300,300,300,300,300,300,300,300,300,300,300,300,300,300,300,300,300,300,300,300,300,300,300,300,300,300,300,300,300,300,300,300,300,300,300,300,300,300,300,300,300,300,300,300,300,300,300,300,300,300,300,300,300,300,300,300,300,300,300,300,300,300,300,300,300,300,300,300,300,300,300,300,,,,,,,
121.9594898.8674703,Modern & Sunny 1BR | Deck + Gym | Upper East Side,449,449,449,449,449,449,449,449,469,469,469,469,469,469,469,469,469,469,469,469,469,469,469,469,469,469,469,469,469,469,469,469,469,469,469,469,469,469,469,469,469,469,469,469,469,469,469,469,469,469,469,469,469,469,469,469,469,469,469,469,469,469,469,469,469,469,469,469,469,469,469,469,469,469,469,469,469,469,469,469,469,469,469,469,469,469,469,469,469,469,469,469,469,469,469,469,469,469,469,469,469,469,469,469,469,469,469,469,469,469,469,469,469,469,469,469,469,469,469,469,469,469,469,469,469,469,469,469,469,469,469,469,469,469,469,469,469,469,469,469,469,469,469,469,469,469,469,469,469,469,469,469,469,469,469,469,469,469,469,469,469,469,469,469,469,469,469,469,469,469,469,469,469,469,469,469,469,469,469,469,469,469,469,469,469,469,469,469,469,469,469,469,469,469,469,469,469,469,469,469,469,469,469,469,469,469,469,469,469,469,469,469,469,469,469,469,469,469,469,469,469,469,469,469,469,469,469,469,469,469,469,469,469,469,469,469,469,469,469,469,469,469,469,469,469,469,469,469,469,469,469,469,469,469,469,469,469,469,469,469,469,469,469,469,469,469,469,469,469,469,469,469,469,469,469,469,469,469,469,469,469,469,469,469,469,469,469,469,469,469,469,469,469,469,469,469,469,469,469,469,469,469,469,469,469,469,469,469,469,469,469,469,469,469,469,469,469,469,469,469,469,469,469,469,469,469,469,469,469,469,469,469,469,469,469,469,469,469,469,469,469,469,469,469,469,469,469,469,469,469,469,469,469,469,469,469,469,469,469,469,469,469,469,469,469,469,469,469,469,469,469,469,469,469,469,469,469,469,469,469,469,469,469,469,469,469,469,469,469,469,469,469,469,469,469,469,469,469,469,469,469,469,469,469,469,469,469,469,469,469,469,469,469,469,469,469,469,469,469,469,469,469,469,469,469,469,469,469,469,469,469,469,469,469,469,469,469,469,469,469,469,469,469,469,469,469,469,469,469,469,469,469,469,469,469,469,469,469,469,469,469,469,469,469,469,469,469,469,469,469,469,469,469,469,469,469,469,469,469,469,469,469,469,469,469,469,469,469,469,469,469,469,469,469,469,469,469,469,469,469,469,469,469,469,469,469,469,469,469,469,469,469,469,469,469,469,469,469,469,469,469,469,469,469,469,469,469,469,469,469,469,469,469,469,469,469,469,469,469,469,469,469,469,469,469,469,469,469,469,469,469,469,469,469,469,469,469,469,469,469,469,469,469,469,469,469,469,469,469,469,469,469,469,469,469,469,469,469,469,469,469,469,469,469,469,469,469,469,469,469,469,469,469,469,469,469,469,469,469,469,469,469,469,469,469,469,469,469,469,469,469,469,469,469,469,469,469,469,469,469,469,469,469,469,469,469,469,469,469,469,469,469,469,469,469,469,469,469,469,469,469,469,469,469,469,469,469,469,469,469,469,469,469,469,469,469,469,469,469,469,469,469,469,469,469,469,469,469,469,469,469,469,469,469,469,469,469,469,469,469,469,469,469,469,469,469,469,469,469,469,469,469,469,469,469,469,469,469,469,469,469,469,469,469,469,469,469,469,469,469,469,469,469,469,469,469,469,469,469,469,469,469,469,469,469,469,469,469,469,469
121.9406136.8485006,"Sutton Place 2 bedroom 2 bath, Nearby Markets and Hospitals",359,359,359,359,359,359,359,359,290,290,290,290,290,290,290,290,290,290,290,290,290,290,290,290,290,290,290,290,290,290,290,290,290,290,290,290,290,290,290,290,290,290,290,290,290,290,290,290,290,290,290,290,290,290,290,290,290,290,290,290,290,290,290,290,290,290,290,290,290,350,350,350,350,350,350,350,350,350,350,350,350,350,350,350,350,350,350,350,350,350,350,350,350,350,350,350,350,350,350,350,350,350,350,350,350,350,350,350,350,350,350,350,350,350,350,350,350,350,350,350,350,350,350,350,350,350,350,350,350,350,350,350,350,350,350,350,350,350,350,350,350,350,350,350,350,350,350,350,350,350,350,350,350,350,350,350,350,350,350,350,350,300,300,300,300,300,300,300,300,300,300,300,300,300,300,300,300,300,300,300,300,300,300,300,300,300,300,300,300,300,300,300,300,300,300,300,300,300,300,300,300,300,300,300,300,300,300,300,300,300,300,300,300,300,300,300,300,300,300,300,300,300,300,300,300,300,300,300,300,300,300,300,300,300,300,300,300,300,300,300,300,300,300,300,300,300,300,300,300,300,300,300,300,300,300,300,300,300,300,300,300,300,300,300,300,300,300,300,300,300,300,300,300,300,300,300,300,300,300,300,300,300,300,300,300,300,300,300,300,300,300,300,300,300,300,300,300,300,300,300,300,300,300,300,300,300,300,300,350,350,350,350,350,350,350,350,350,350,350,350,350,350,350,350,350,350,350,350,350,350,350,350,350,350,350,350,350,350,350,350,350,350,350,350,350,350,350,350,350,350,350,350,350,350,350,350,350,350,350,350,350,350,350,350,350,350,350,350,350,350,350,350,350,350,350,350,350,350,350,350,350,350,350,350,350,350,350,350,350,350,350,350,350,350,350,350,350,350,350,350,350,350,350,350,350,350,350,350,350,350,350,350,350,350,350,350,350,350,350,350,350,350,350,350,350,350,350,350,350,350,350,350,350,350,350,350,350,350,350,350,350,350,350,350,350,350,350,350,350,350,350,350,350,350,350,350,350,350,350,350,350,350,350,350,350,350,350,350,350,350,350,350,350,350,350,350,350,350,350,350,350,350,350,350,350,350,350,350,350,350,350,350,350,350,350,350,350,350,350,350,350,350,350,350,350,350,350,350,350,350,350,350,350,350,350,350,350,350,350,350,350,350,350,350,350,350,350,350,350,350,350,350,350,350,350,350,350,350,350,350,350,350,350,350,350,350,350,350,350,350,350,350,350,350,350,350,350,350,350,350,350,350,350,350,350,350,350,350,350,350,350,350,350,350,350,350,350,350,350,350,350,350,350,350,350,350,350,350,350,350,350,350,350,350,350,350,350,350,350,350,350,350,350,350,350,350,350,350,350,350,350,350,350,350,350,350,350,350,350,350,350,350,350,350,350,350,350,350,350,350,350,350,350,350,350,350,350,350,350,350,350,350,350,350,350,350,350,350,350,350,350,350,350,350,350,350,350,350,350,350,350,350,350,350,350,350,350,350,350,350,350,350,350,350,350,350,350,350,350,350,350,350,350,350,350,350,350,350,350,350,350,350,350,350,350,350,350,350,350,350,350,350,350,350,350,350,350,350,350,350,350,350,350,350,350,350,350,350,350,350,350,350,350,,,,,,,
321.2824942.3396954,The Blue Gem studio,200,200,200,200,200,200,200,200,200,200,200,200,200,200,200,200,200,200,200,200,200,200,200,200,200,200,200,200,200,200,200,200,200,200,200,200,200,200,200,200,200,200,200,200,200,200,200,200,200,200,200,200,200,200,200,200,200,200,200,200,200,200,200,200,200,200,200,200,200,225,225,225,225,225,225,225,225,225,225,225,225,225,225,225,225,225,225,225,225,225,225,225,225,225,225,225,225,225,225,225,225,225,225,225,225,225,225,225,225,225,225,225,225,225,225,225,225,225,225,225,225,225,225,225,225,225,225,225,225,225,225,225,225,225,225,225,225,225,225,225,225,225,225,225,225,225,225,225,225,225,225,225,225,225,225,225,225,225,225,225,225,225,225,225,225,225,225,225,225,225,225,225,225,225,225,225,225,225,225,225,225,225,225,225,225,225,225,225,225,225,225,225,225,225,225,225,225,225,225,225,225,225,225,225,225,225,225,225,225,225,225,225,225,225,225,225,225,225,225,225,225,225,225,225,225,225,225,225,225,225,225,225,225,225,225,225,225,225,225,225,225,225,225,225,225,225,225,225,225,225,225,225,225,225,225,225,225,225,225,225,225,225,225,225,225,225,225,225,225,225,225,225,225,225,225,225,225,225,225,225,225,225,225,225,225,225,225,225,225,225,225,225,225,225,225,225,225,225,225,225,225,225,225,225,225,225,225,225,225,225,225,225,225,225,225,225,225,225,225,225,225,225,225,225,225,225,225,225,225,225,225,225,225,225,225,225,225,225,225,225,225,225,225,225,225,225,225,225,225,225,225,225,225,225,225,225,225,225,225,225,225,225,225,225,225,225,225,225,225,225,225,225,225,225,225,225,225,225,225,225,225,225,225,225,225,225,225,225,225,225,225,225,225,225,225,225,225,225,225,225,225,225,225,225,225,225,225,225,225,225,225,225,225,225,225,225,225,225,225,225,225,225,225,225,225,225,225,225,225,225,225,225,225,225,225,225,225,225,225,225,225,225,225,225,225,225,225,225,225,225,225,225,225,225,225,225,225,225,225,225,225,225,225,225,225,225,225,225,225,225,225,225,225,225,225,225,225,225,225,225,225,225,225,225,225,225,225,225,225,225,225,225,225,225,225,225,225,225,225,225,225,225,225,225,225,225,225,225,225,225,225,225,225,225,225,225,225,225,225,225,225,225,225,225,225,225,225,225,225,225,225,225,225,225,225,225,225,225,225,225,225,225,225,225,225,225,225,225,225,225,225,225,225,225,225,225,225,225,225,225,225,225,225,225,225,225,225,225,225,225,225,225,225,225,225,225,225,225,225,225,225,225,225,225,225,225,225,225,225,225,225,225,225,225,225,225,225,225,225,225,225,225,225,225,225,225,225,225,225,225,225,225,225,225,225,225,225,225,225,225,225,225,225,225,225,225,225,225,225,225,225,225,225,225,225,225,225,225,225,225,225,225,225,225,225,225,225,225,225,225,225,225,225,225,225,225,225,225,225,225,225,225,225,225,225,225,225,225,225,225,225,225,225,225,225,225,225,225,225,225,225,225,225,225,225,225,225,225,225,225,225,225,225,225,225,225,225,225,225,225,225,225,225,225,225,225,225,225,225,225,225,225,225,225,225,225,225,225,225,225,225,225,225,,,,,,,
321.2087397.2651930,Stunning Midtown 1 Bed w/Laundry and Doorman #6133,230,230,230,230,230,230,230,230,230,230,230,230,230,230,230,230,230,230,230,230,230,230,230,230,230,230,230,230,230,230,230,230,230,230,230,230,230,230,230,230,230,230,230,230,230,230,230,230,230,230,230,230,230,230,230,230,230,230,230,230,230,230,230,230,230,230,230,230,230,230,230,230,230,230,230,230,230,230,230,230,230,230,230,230,230,230,230,230,230,230,230,230,230,230,230,230,230,230,230,230,230,230,230,230,230,230,230,230,230,230,230,230,230,230,230,230,230,230,230,230,230,230,230,230,230,230,230,230,230,230,230,230,230,230,230,230,230,230,230,230,230,230,230,230,230,230,230,230,230,230,230,230,230,230,230,230,230,230,230,230,230,210,210,210,210,210,210,210,210,210,210,210,210,210,210,210,210,210,210,210,210,210,210,210,210,210,210,210,210,210,210,210,210,210,210,210,210,210,210,210,210,210,210,210,210,210,210,210,210,210,210,210,210,210,210,210,210,210,210,210,210,210,210,210,210,210,210,210,210,210,210,210,210,210,210,210,210,210,210,210,210,210,210,210,210,210,210,210,210,210,210,200,200,200,200,200,200,200,200,200,200,200,200,200,200,200,200,200,200,200,200,200,200,200,200,200,200,200,200,200,200,200,200,200,200,200,200,200,200,200,200,200,200,200,200,200,200,200,200,200,200,200,200,200,200,200,200,200,200,200,200,200,200,200,200,200,200,200,200,200,200,200,200,200,200,200,200,200,200,200,200,200,200,200,200,200,200,200,200,200,200,200,200,200,200,200,200,200,200,200,200,200,200,200,200,200,200,200,200,200,200,200,200,200,200,200,200,200,200,200,200,200,200,200,200,200,200,200,200,200,200,200,200,200,200,200,200,200,200,200,200,200,200,200,200,200,200,200,200,200,200,200,200,200,200,200,200,200,200,200,200,200,200,200,200,200,200,200,200,200,200,200,200,200,200,200,200,200,200,200,200,200,200,200,200,200,200,200,200,200,200,200,200,200,200,200,200,200,200,200,200,200,200,200,200,200,200,200,200,200,200,200,200,200,200,200,200,200,200,200,200,200,200,200,200,200,200,200,200,200,200,200,200,200,200,200,200,200,200,200,200,200,200,200,200,200,200,200,200,200,200,200,200,200,200,200,200,200,200,200,200,200,200,200,200,200,200,200,200,200,200,200,200,200,200,200,200,200,200,200,200,200,200,200,200,200,200,200,200,200,200,200,200,200,200,200,200,200,200,200,200,200,200,200,200,200,200,200,200,200,200,200,200,200,200,200,200,200,200,200,200,200,200,200,200,200,200,200,200,200,200,200,200,200,200,200,200,200,200,200,200,200,200,200,200,200,200,200,200,200,200,200,200,200,200,200,200,200,200,200,200,200,200,200,200,200,200,200,200,200,200,200,200,200,200,200,200,200,200,200,200,200,200,200,200,,,,,,,,,,,,,,,,,,,,,,,,,,,,,,,,,,,,,,,,,,,,,,,,,,,,,,,,,,,,,,,,,,,,,,,,,,,,,,,,,,,,,,,,,,,,,,,
321.2477807.3047387,URBAN FURNISHED 61-2A | UES LRG 1BR SLEEPS 4~61ST~Gr8 value,185,185,185,185,185,185,185,185,185,185,185,185,185,185,185,185,185,185,185,185,185,185,185,185,185,185,185,185,185,185,185,185,185,185,185,185,185,185,185,185,185,185,185,185,185,185,185,185,185,185,185,185,185,185,185,185,185,185,185,185,185,185,185,185,185,185,185,185,185,185,185,185,185,185,185,185,185,185,185,185,185,185,185,185,185,185,185,185,185,185,185,185,185,185,185,185,185,185,185,185,185,185,185,185,185,185,185,185,185,185,185,185,185,185,185,185,185,185,185,185,185,185,185,185,185,185,185,185,185,185,185,185,185,185,185,185,185,185,185,185,185,185,185,185,185,185,185,185,185,185,185,185,185,185,185,185,185,185,185,185,185,185,185,185,185,185,185,185,185,185,185,185,185,185,185,185,185,185,185,185,185,185,185,185,185,185,185,185,185,185,185,185,185,185,185,185,185,185,185,185,185,185,185,185,185,185,185,185,185,185,185,185,185,185,185,185,185,185,185,185,185,185,185,185,185,185,185,185,185,185,185,185,185,185,185,185,185,185,185,185,185,185,185,185,185,185,185,185,185,185,185,185,185,185,185,185,185,185,185,185,185,185,185,185,185,185,185,185,185,185,185,185,185,185,185,185,185,185,185,185,185,185,185,185,185,185,185,185,185,185,185,185,185,185,185,185,185,185,185,185,185,185,185,185,185,185,185,185,185,185,185,185,185,185,185,185,185,185,185,185,185,185,185,185,185,185,185,185,185,185,185,185,185,185,185,185,185,185,185,185,185,185,185,185,185,185,185,185,185,185,185,185,185,185,185,185,185,185,185,185,185,185,185,185,185,185,185,185,185,185,185,185,185,185,185,185,185,185,185,185,185,185,185,185,185,185,185,185,185,185,185,185,185,185,185,185,185,185,185,185,185,185,185,185,185,185,185,185,185,185,185,185,185,185,185,185,185,185,185,185,185,185,185,185,185,185,185,185,185,185,185,185,185,185,185,185,185,185,185,185,185,185,185,185,185,185,185,185,185,185,185,185,185,185,185,185,185,185,185,185,185,185,185,185,185,185,185,185,185,185,185,185,185,185,185,185,185,185,185,185,185,185,185,185,185,185,185,185,185,185,185,185,185,185,185,185,185,185,185,185,185,185,185,185,185,185,185,185,185,185,185,185,185,185,185,185,185,185,185,185,185,185,185,185,185,185,185,185,185,185,185,185,185,185,185,185,185,185,185,185,185,185,185,185,185,185,185,185,185,185,185,185,185,185,185,185,185,185,185,185,185,185,185,185,185,185,185,185,185,185,185,185,185,185,185,185,185,185,185,185,185,185,185,185,185,185,185,185,185,185,185,185,185,185,185,185,185,185,185,185,185,185,185,185,185,185,185,185,185,185,185,185,185,185,185,185,185,185,185,185,185,,,,,,,,,,,,,,,,,,,,,,,,,,,,,,,,,,,,,,,,,,,,,,,,,,,,,,,,,,,,,,,,,,,,,,,,,,,,,,,,,,,,,,,,,,,,,,,,,,,,,,,,,,,,,
321.2335311.2901637,"NYC Getaway! 2 Convenient Units Pet-Friendly, Near Rockefeller Center",507,588,649,653,557,579,621,514,675,719,719,719,719,762,611,665,708,762,762,719,740,579,665,708,708,665,687,804,611,762,783,804,719,804,848,633,762,804,804,762,1041,1084,901,675,858,880,880,869,945,751,923,1009,1009,1611,1611,1611,1611,1611,1611,1611,1203,880,880,751,837,901,901,880,837,880,643,816,945,945,939,979,1000,644,772,816,816,837,880,923,687,816,762,880,880,901,923,621,837,880,880,858,858,923,643,794,762,762,719,923,966,794,837,880,880,837,837,880,643,772,837,837,880,794,837,514,536,536,729,772,772,708,621,729,837,1052,945,1138,1138,901,987,987,987,1052,1009,1052,794,772,794,794,880,1009,1052,687,751,751,751,687,729,772,708,751,955,955,1181,1181,1450,504,482,482,482,482,439,482,439,482,482,482,482,482,525,482,525,557,557,525,482,525,439,482,482,482,482,482,482,482,482,482,492,492,492,492,492,492,492,492,492,492,536,621,492,492,492,492,492,492,492,492,492,492,492,492,492,492,492,492,492,492,536,579,450,536,579,579,579,621,665,492,665,665,665,665,708,751,492,536,665,665,665,708,751,579,708,708,708,708,751,751,579,837,880,880,880,880,880,579,751,794,794,794,794,837,579,794,837,837,837,794,837,621,794,837,837,837,794,837,579,376,376,376,376,376,376,376,376,376,376,376,376,376,376,376,376,376,376,376,376,376,376,376,376,376,376,376,376,376,376,376,376,376,376,376,376,376,376,376,376,376,376,376,376,376,376,376,376,376,376,376,376,376,376,376,376,376,376,376,376,376,376,376,376,376,376,376,376,376,376,376,376,376,376,376,376,376,376,376,376,376,376,376,376,376,376,376,376,376,376,376,376,376,376,376,376,376,376,376,376,376,376,376,376,376,376,376,376,376,376,376,376,376,376,376,376,376,376,376,376,376,376,376,376,376,376,376,376,376,376,376,376,376,376,376,376,376,376,376,376,376,376,376,376,376,376,376,376,376,376,376,376,376,376,376,376,376,376,376,376,376,376,376,376,376,376,376,376,376,376,376,376,376,376,376,376,376,376,376,376,376,376,376,376,376,376,376,376,376,376,376,376,376,376,376,376,376,376,376,376,376,376,376,376,376,376,376,376,376,376,376,376,376,376,376,376,376,376,376,376,376,376,376,376,376,376,376,376,376,376,376,376,376,376,376,376,376,376,376,376,376,376,376,376,376,376,376,376,376,376,376,376,376,376,376,376,376,376,376,376,376,376,376,376,376,376,376,376,376,376,376,376,376,376,376,376,376,376,376,376,376,376,376,376,376,376,376,376,376,376,376,376,376,376,376,376,376,376,376,376,376,376,376,376,376,376,376,376,376,376,376,376,376,376,376,376,376,376,376,376,376,376,376,376,376,376,376,376,376,376,376,376,376,376,376,376,376,376,376,376,376,376,376,376,376,376,376,376,376,376,376,376,376,376,376,376,376,376,376,376,376,376,376,376,376,376,376,376,376,376,376,376,376,376,376,376,376,376,376,376,376,376,376,376,376,376,376,376,376,376,376,376,376,376,376,376,376,376,376,376,376,376,376,376,376,376,376,376,376,376,376,376,376,376,376,376,376,376,376,376,376,376,376,376,376,376,376,376,376,376,376,376,376,376,376,376,376,376,376,376,376,376,376,376,376,376,376,376,376
321.2583615.3153963,Prime Upper east Large Reno 1 BR~newly furnished,190,190,190,190,190,190,190,190,190,190,190,190,190,190,190,190,190,190,190,190,190,190,190,190,190,190,190,190,190,190,190,190,190,190,190,190,190,190,190,190,190,190,190,190,190,190,190,190,190,190,190,190,190,190,190,190,190,190,190,190,190,190,190,190,190,190,190,190,190,190,190,190,190,190,190,190,190,190,190,190,190,190,190,190,190,190,190,190,190,190,190,190,190,190,190,190,190,190,190,190,190,190,190,190,190,190,190,190,190,190,190,190,190,190,190,190,190,190,190,190,190,190,190,190,190,190,190,190,190,190,190,190,190,190,190,190,190,190,190,190,190,190,190,190,190,190,190,190,190,190,190,190,190,190,190,190,190,190,190,190,190,190,190,190,190,190,190,190,190,190,190,190,190,190,190,190,190,190,190,190,190,190,190,190,190,190,190,190,190,190,190,190,190,190,190,190,190,190,190,190,190,190,190,190,190,190,190,190,190,190,190,190,190,190,190,190,190,190,190,190,190,190,190,190,190,190,190,190,190,190,190,190,190,190,190,190,190,190,190,190,190,190,190,190,190,190,190,190,190,190,190,190,190,190,190,190,190,190,190,190,190,190,190,190,190,190,190,190,190,190,190,190,190,190,190,190,190,190,190,190,190,190,190,190,190,190,190,190,190,190,190,190,190,190,190,190,190,190,190,190,190,190,190,190,190,190,190,190,190,190,190,190,190,190,190,190,190,190,190,190,190,190,190,190,190,190,190,190,190,190,190,190,190,190,190,190,190,190,190,190,190,190,190,190,190,190,190,190,190,190,190,190,190,190,190,190,190,190,190,190,190,190,190,190,190,190,190,190,190,190,190,190,190,190,190,190,190,190,190,190,190,190,190,190,190,190,190,190,190,190,190,190,190,190,190,190,190,190,190,190,190,190,190,190,190,190,190,190,190,190,190,190,190,190,190,190,190,190,190,190,190,190,190,190,190,190,190,190,190,190,190,190,190,190,190,190,190,190,190,190,190,190,190,190,190,190,190,190,190,190,190,190,190,190,190,190,190,190,190,190,190,190,190,190,190,190,190,190,190,190,190,190,190,190,190,190,190,190,190,190,190,190,190,190,190,190,190,190,190,190,190,190,190,190,190,190,190,190,190,190,190,190,190,190,190,190,190,190,190,190,190,190,190,190,190,190,190,190,190,190,190,190,190,190,190,190,190,190,190,190,190,190,190,190,190,190,190,190,190,190,190,190,190,190,190,190,190,190,190,190,190,190,190,190,190,190,190,190,190,190,190,190,190,190,190,190,190,190,190,190,190,190,190,190,190,190,190,190,190,190,190,190,190,190,190,190,190,190,190,190,190,190,190,190,190,190,190,190,190,190,190,190,190,190,190,190,190,190,190,190,190,190,190,190,190,190,190,190,190,190,190,,,,,,,,,,,,,,,,,,,,,,,,,,,,,,,,,,,,,,,,,,,,,,,,,,,,,,,,,,,,,,,,,,,,,,,,,,,,,,,,,,,,,,,,,,,,,,,,,,,,,,,,,,,,,
321.1904593.2467108,St. Regis Residence Club Luxury Studio,750,750,750,750,750,750,750,750,750,750,750,750,750,750,750,750,750,750,750,750,750,750,750,750,750,750,750,750,750,750,750,750,750,750,750,750,750,750,750,750,750,750,750,750,750,750,750,750,750,750,750,750,750,750,750,750,750,750,750,750,750,750,750,750,750,750,750,750,750,750,750,750,750,750,750,750,750,750,750,750,750,750,750,750,750,750,750,750,750,750,750,750,750,750,750,750,750,750,750,750,750,750,750,750,750,750,750,750,750,750,750,750,750,750,750,750,750,750,750,750,750,750,750,750,750,750,750,750,750,750,750,750,750,750,750,750,750,750,750,750,750,750,750,750,750,750,750,750,750,750,750,750,750,750,750,750,750,750,750,750,750,750,750,750,750,750,750,800,800,800,800,800,800,800,800,800,800,800,800,800,800,800,800,800,800,800,800,800,800,800,800,800,800,800,800,800,800,800,800,800,800,800,800,800,800,800,800,800,800,800,800,800,800,800,800,800,800,800,800,800,800,800,800,800,800,800,800,800,800,800,800,800,800,800,800,800,800,800,800,800,800,800,800,800,800,800,800,800,800,800,800,800,800,800,800,800,800,800,800,800,800,800,800,800,800,800,800,800,800,800,800,800,800,800,800,800,800,800,800,800,800,800,800,800,800,800,800,800,800,800,800,800,800,800,800,800,800,800,800,800,800,800,800,800,800,800,800,800,800,800,800,800,800,800,800,800,800,800,800,800,800,800,800,800,800,800,800,800,800,800,800,800,800,800,800,800,800,800,800,800,800,800,800,800,800,800,800,800,800,800,800,800,800,800,800,800,800,800,800,800,800,800,800,800,800,800,800,800,800,800,800,800,800,800,800,800,800,800,800,800,800,800,800,800,800,800,800,800,800,800,800,800,800,800,800,800,800,800,800,800,800,800,800,800,800,800,800,800,800,800,800,800,800,800,800,800,800,800,800,800,800,800,800,800,800,800,800,800,800,800,800,800,800,800,800,800,800,800,800,800,800,800,800,800,800,800,800,800,800,800,800,800,800,800,800,800,800,800,800,800,800,800,800,800,800,800,800,800,800,800,800,800,800,800,800,800,800,800,800,800,800,800,800,800,800,800,800,800,800,800,800,800,800,800,800,800,800,800,800,800,800,800,800,800,800,800,800,800,800,800,800,800,800,800,800,800,800,800,800,800,800,800,800,800,800,800,800,800,800,800,800,750,750,750,750,750,750,750,750,750,750,750,750,750,750,750,750,750,750,750,750,750,750,750,750,750,750,750,750,750,750,750,750,750,750,750,750,750,750,750,750,750,750,750,750,750,750,750,750,750,750,750,750,750,750,750,750,750,750,750,750,750,750,750,750,750,750,750,750,750,750,750,750,750,750,750,750,750,750,750,750,750,750,750,750,750,750,750,750,750,750,750,750,750,750,750,750,750,750,750,750,750,750,750,750,750,750,750,750,750,750,750,750,750,750,750,750,750,750,750,750,750,750,750,750,750,,,,,,,,,,,,,,,,,,,,,,,,,,,,,,,,,,,,,,,,,,,,,,,,,,,,,,,,,,,,,,,,,,,,,,,,,,
321.731807.1279745,One Bedroom Suite At The St. Regis Residence Club New York,1200,1200,1200,1200,1200,1200,1200,1200,1200,1200,1200,1200,1200,1200,1200,1200,1200,1200,1200,1200,1200,1200,1200,1200,1200,1200,1200,1200,1200,1200,1200,1200,1200,1200,1200,1200,1200,1200,1200,1200,1200,1200,1200,1200,1200,1200,1200,1200,1200,1200,1200,1200,1200,1200,1200,1200,1200,1200,1200,1200,1200,1200,1200,1200,1200,1200,1200,1200,1200,1200,1200,1200,1200,1200,1200,1200,1200,1200,1200,1200,1200,1200,1200,1200,1200,1200,1200,1200,1200,1200,1200,1200,1200,1200,1200,1200,1200,1200,1200,1200,1200,1200,1200,1200,1200,1200,1200,1200,1200,1200,1200,1200,1200,1200,1200,1200,1200,1200,1200,1200,1200,1200,1200,1200,1200,1200,1200,1200,1200,1200,1200,1200,1200,1200,1200,1200,1200,1200,1200,1200,1200,1200,1200,1200,1200,1200,1200,1200,1200,1200,1200,1200,1200,1200,1200,1200,1200,1200,1200,1200,1200,1200,1200,1200,1200,1200,1200,1200,1200,1200,1200,1200,1200,1200,1200,1200,1200,1200,1200,1200,1200,1200,1200,1200,1200,1200,1200,1200,1200,1200,1200,1200,1200,1200,1200,1200,1200,1200,1200,1200,1200,1200,1200,1200,1200,1200,1200,1200,1200,1200,1200,1200,1200,1200,1200,1200,1200,1200,1200,1200,1200,1200,1200,1200,1200,1200,1200,1200,1200,1200,1200,1200,1200,1200,1200,1200,1200,1200,1200,1200,1200,1200,1200,1200,1200,1200,1200,1200,1200,1200,1200,1200,1200,1200,1200,1200,1200,1200,1200,1200,1200,1200,1200,1200,1200,1200,1200,1200,1200,1200,1200,1200,1200,1200,1200,1200,1200,1200,1200,1200,1200,1200,1200,1200,1200,1200,1200,1200,1200,1200,1200,1200,1200,1200,1200,1200,1200,1200,1200,1200,1200,1200,1200,1200,1200,1200,1200,1200,1200,1200,1200,1200,1200,1200,1200,1200,1200,1200,1200,1200,1200,1200,1200,1200,1200,1200,1200,1200,1200,1200,1200,1200,1200,1200,1200,1200,1200,1200,1200,1200,1200,1200,1200,1200,1200,1200,1200,1200,1200,1200,1200,1200,1200,1200,1200,1200,1200,1200,1200,1200,1200,1200,1200,1200,1200,1200,1200,1200,1200,1200,1200,1200,1200,1200,1200,1200,1200,1200,1200,1200,1200,1200,1200,1200,1200,1200,1200,1200,1200,1200,1200,1200,1200,1200,1200,1200,1200,1200,1200,1200,1200,1200,1200,1200,1200,1200,1200,1200,1200,1200,1200,1200,1200,1200,1200,1200,1200,1200,1200,1200,1200,1200,1200,1200,1200,1200,1200,1200,1200,1200,1200,1200,1200,1200,1200,1200,1200,1200,1200,1200,1200,1200,1200,1200,1200,1200,1200,1200,1200,1200,1200,1200,1200,1200,1200,1200,1200,1200,1200,1200,1200,1200,1200,1200,1200,1200,1200,1200,1200,1200,1200,1200,1200,1200,1200,1200,1200,1200,1200,1200,1200,1200,1200,1200,1200,1200,1200,1200,1200,1200,1200,1200,1200,1200,1200,1200,1200,1200,1200,1200,1200,1200,1200,1200,1200,1200,1200,1200,1200,1200,1200,1200,1200,1200,1200,1200,1200,1200,1200,1200,1200,1200,1200,1200,1200,1200,1200,1200,1200,1200,1200,1200,1200,1200,1200,1200,1200,1200,1200,1200,1200,1200,1200,1200,1200,1200,1200,1200,1200,1200,1200,1200,1200,1200,1200,1200,1200,1200,1200,1200,1200,1200,1200,1200,1200,1200,1200,1200,1200,1200,1200,1200,1200,1200,1200,1200,1200,1200,1200,1200,1200,1200,1200,1200,1200,1200,1200,1200,1200,1200,1200,1200,1200,1200,1200,1200,1200,1200,1200,1200,1200,1200,1200,1200,1200,1200,1200,1200,1200,1200,1200,1200,1200,1200,1200,1200,,,,,,,,,,,,,,,,,,,,,,,,,,,,,,,,,,,,,,,,,,,,,,,,,,,,,,,,,,,,,,,,,,,,,,,,,,,,,,,,,,,,,,,,,,,,,,,,,,,,,,,,,,,,,,,,,,
121.9581815.8661605,Sonder Chambers | King Room,227,355,286,292,219,239,369,206,248,250,253,286,190,323,237,317,276,311,304,415,378,263,286,298,318,300,349,315,330,281,256,325,306,392,355,333,268,274,370,405,385,515,370,348,501,467,361,385,415,389,479,443,425,525,371,474,427,487,449,535,452,489,403,295,412,367,378,318,396,403,355,395,393,366,417,449,448,393,361,409,442,413,535,491,317,300,377,343,341,343,323,254,348,440,424,432,472,440,311,400,409,492,355,664,603,463,377,329,340,367,411,417,324,325,411,366,414,478,336,221,287,348,441,441,507,398,328,318,377,395,711,709,1000,560,547,621,412,534,485,507,432,414,452,411,325,445,539,453,394,380,310,460,500,497,536,736,540,603,556,802,1084,518,485,451,394,319,271,327,272,329,324,324,295,313,316,293,276,279,309,290,294,274,256,269,269,399,413,389,403,230,231,231,256,207,302,376,280,256,349,187,242,254,284,271,229,305,279,255,321,263,234,234,248,283,283,296,274,322,339,375,302,302,317,317,256,256,256,256,256,317,317,302,302,302,302,356,317,317,302,302,302,302,310,324,324,310,256,310,310,355,373,519,408,408,484,484,399,614,614,585,585,585,496,508,532,463,294,294,294,294,294,365,365,347,347,347,347,347,693,602,464,561,476,384,310,403,413,317,317,317,317,563,590,695,536,374,575,575,302,575,487,375,375,310,310,256,333,403,310,310,366,366,431,547,547,421,421,508,508,431,403,403,366,366,366,443,443,476,476,366,366,302,375,375,604,604,465,256,256,256,256,333,413,317,317,256,317,317,413,393,302,302,302,302,302,393,333,256,256,256,256,256,333,333,256,256,256,1690,421,421,421,421,421,421,421,421,421,421,421,421,421,421,421,421,421,421,421,421,421,421,421,421,421,421,421,421,421,421,421,421,421,421,421,421,421,421,421,421,421,421,421,421,421,421,421,421,421,421,421,421,421,421,421,421,421,421,421,421,421,421,421,421,421,421,421,421,421,421,421,421,421,421,421,421,421,421,421,421,421,421,421,421,421,421,421,421,421,421,421,421,421,421,421,421,421,421,421,421,421,421,421,421,421,421,421,421,421,421,421,421,421,421,421,421,421,421,421,421,421,421,421,421,421,421,421,421,421,421,421,421,421,421,421,421,421,421,421,421,421,421,421,421,421,421,421,421,421,421,421,421,421,421,421,421,421,421,421,421,421,421,421,421,421,421,421,421,421,421,421,421,421,421,421,421,421,421,421,421,421,421,421,421,421,421,421,421,421,421,421,421,421,421,421,421,421,421,421,421,421,421,421,421,421,421,421,421,421,421,421,421,421,421,421,421,421,421,421,421,421,421,421,421,421,421,421,421,421,421,421,421,421,421,421,421,421,421,421,421,421,421,421,421,421,421,421,421,421,421,421,421,421,421,421,421,421,421,421,421,421,421,421,421,421,421,421,421,421,421,421,421,421,421,421,421,421,421,421,421,421,421,421,421,421,421,421,421,421,421,421,421,421,421,421,421,421,421,421,421,421,421,421,421,421,421,421,421,421,421,421,421,421,421,421,421,421,421,421,421,421,421,421,421,421,421,421,421,421,421,421,421,421,421,421,421,421,421,421,421,421,421,421,421,421,421,421,421,421,421,421,421,421,421,421,421,421,421,421,421,421,421
121.9581779.8661569,Sonder Chambers | Lofted King Suite w/ Terrace,670,1098,1114,859,860,1224,1143,1103,1235,945,751,839,925,1196,834,1104,994,529,517,1142,1096,623,492,516,535,542,1263,1163,1193,560,522,618,621,746,658,595,1074,1102,1486,1602,1543,2052,1471,1343,1644,1056,906,971,1002,761,883,1508,1311,1642,1140,1816,1521,1873,1897,1656,1416,1522,1253,912,1282,683,664,588,653,1230,1086,1149,1225,1141,1310,1394,1383,1206,1130,1284,1376,1275,1665,1546,989,940,1179,1064,1064,1074,1006,798,1088,1121,958,872,967,990,977,1244,1273,1533,1106,2069,1882,1437,1172,1024,1065,1142,1285,1310,1010,1019,1286,1143,1292,1502,1055,690,996,1210,1087,1087,1255,989,812,787,934,984,1765,1760,2478,1397,1353,1541,1022,1325,1201,1253,1073,1025,1124,1019,809,1102,1339,1125,980,941,769,1143,1243,1233,1326,1829,1341,1496,1381,1980,2685,1153,1080,1011,760,613,520,729,567,685,677,677,660,700,707,653,616,622,689,646,657,611,571,602,602,664,687,648,669,384,439,439,484,463,439,546,505,571,779,417,540,565,633,604,512,680,624,568,716,586,522,522,554,631,631,660,611,720,758,835,673,673,708,708,571,571,571,571,571,708,708,673,673,673,673,795,708,708,673,673,673,673,690,726,726,690,571,690,690,794,835,690,656,656,656,656,754,1161,1161,1104,1104,1104,1104,1132,1190,1036,656,656,656,656,656,815,815,775,775,775,775,775,1010,878,1037,1254,1063,856,690,900,922,708,708,708,708,1252,1319,1556,1192,836,1284,1284,673,1286,1089,835,835,690,690,571,744,900,690,690,815,815,962,1224,1224,937,937,1135,1135,962,900,900,815,815,815,985,985,1062,1062,815,815,673,835,835,1350,1350,1036,571,571,571,571,744,922,708,708,571,708,708,922,878,673,673,673,673,673,878,744,571,571,571,571,571,744,744,571,571,571,1690,1006,1006,1006,1006,1006,1006,1006,1006,1006,1006,1006,1006,1006,1006,1006,1006,1006,1006,1006,1006,1006,1006,1006,1006,1006,1006,1006,1006,1006,1006,1006,1006,1006,1006,1006,1006,1006,1006,1006,1006,1006,1006,1006,1006,1006,1006,1006,1006,1006,1006,1006,1006,1006,1006,1006,1006,1006,1006,1006,1006,1006,1006,1006,1006,1006,1006,1006,1006,1006,1006,1006,1006,1006,1006,1006,1006,1006,1006,1006,1006,1006,1006,1006,1006,1006,1006,1006,1006,1006,1006,1006,1006,1006,1006,1006,1006,1006,1006,1006,1006,1006,1006,1006,1006,1006,1006,1006,1006,1006,1006,1006,1006,1006,1006,1006,1006,1006,1006,1006,1006,1006,1006,1006,1006,1006,1006,1006,1006,1006,1006,1006,1006,1006,1006,1006,1006,1006,1006,1006,1006,1006,1006,1006,1006,1006,1006,1006,1006,1006,1006,1006,1006,1006,1006,1006,1006,1006,1006,1006,1006,1006,1006,1006,1006,1006,1006,1006,1006,1006,1006,1006,1006,1006,1006,1006,1006,1006,1006,1006,1006,1006,1006,1006,1006,1006,1006,1006,1006,1006,1006,1006,1006,1006,1006,1006,1006,1006,1006,1006,1006,1006,1006,1006,1006,1006,1006,1006,1006,1006,1006,1006,1006,1006,1006,1006,1006,1006,1006,1006,1006,1006,1006,1006,1006,1006,1006,1006,1006,1006,1006,1006,1006,1006,1006,1006,1006,1006,1006,1006,1006,1006,1006,1006,1006,1006,1006,1006,1006,1006,1006,1006,1006,1006,1006,1006,1006,1006,1006,1006,1006,1006,1006,1006,1006,1006,1006,1006,1006,1006,1006,1006,1006,1006,1006,1006,1006,1006,1006,1006,1006,1006,1006,1006,1006,1006,1006,1006,1006,1006,1006,1006,1006,1006,1006,1006,1006,1006,1006,1006,1006,1006,1006,1006,1006,1006,1006,1006,1006,1006,1006,1006,1006,1006,1006,1006,1006,1006,1006,1006,1006,1006,1006,1006,1006,1006,1006,1006,1006,1006,1006,1006,1006,1006,1006,1006,1006,1006,1006,1006,1006,1006,1006,1006,1006,1006,1006,1006,1006,1006,1006,1006,1006,1006,1006,1006,1006,1006,1006,1006,1006,1006,1006
121.9581799.8661589,Sonder Chambers | Superior King Room,296,363,404,355,269,294,243,477,355,357,439,404,314,414,374,428,376,481,393,411,384,409,287,299,505,303,471,424,442,384,360,403,311,520,493,440,342,359,482,524,506,648,480,425,617,595,453,521,564,431,526,496,474,588,376,450,734,739,428,591,507,549,452,322,464,409,416,355,441,447,398,409,439,408,470,499,497,435,408,459,489,462,597,551,357,339,423,385,380,386,361,282,391,492,474,483,526,489,350,449,454,547,397,739,672,512,419,367,381,408,459,468,361,365,459,408,462,537,375,246,357,433,542,542,630,495,405,393,469,490,884,880,1238,696,676,769,509,661,600,626,535,514,561,509,405,551,670,562,490,471,385,570,621,617,664,914,670,747,689,992,1344,577,538,504,441,357,302,363,362,439,338,338,330,350,352,325,309,312,344,323,329,305,285,301,301,447,462,435,449,258,259,259,285,231,338,421,315,285,390,209,269,282,316,302,256,341,313,284,358,294,260,260,276,315,315,329,305,358,377,418,337,337,354,354,285,285,285,285,285,354,354,337,337,337,337,397,354,354,337,337,337,337,346,363,363,346,285,346,346,396,418,582,455,455,540,540,446,686,686,653,653,653,553,566,596,519,328,328,328,328,328,408,408,387,387,387,387,387,779,676,518,627,530,428,346,450,461,354,354,354,354,628,658,777,597,417,642,642,337,642,544,418,418,346,346,285,372,450,346,346,408,408,481,611,611,469,469,567,567,481,450,450,408,408,408,493,493,532,532,408,408,337,418,418,675,675,519,285,285,285,285,372,461,354,354,285,354,354,461,439,337,337,337,337,337,439,372,285,285,285,285,285,372,372,285,285,285,1690,521,521,521,521,521,521,521,521,521,521,521,521,521,521,521,521,521,521,521,521,521,521,521,521,521,521,521,521,521,521,521,521,521,521,521,521,521,521,521,521,521,521,521,521,521,521,521,521,521,521,521,521,521,521,521,521,521,521,521,521,521,521,521,521,521,521,521,521,521,521,521,521,521,521,521,521,521,521,521,521,521,521,521,521,521,521,521,521,521,521,521,521,521,521,521,521,521,521,521,521,521,521,521,521,521,521,521,521,521,521,521,521,521,521,521,521,521,521,521,521,521,521,521,521,521,521,521,521,521,521,521,521,521,521,521,521,521,521,521,521,521,521,521,521,521,521,521,521,521,521,521,521,521,521,521,521,521,521,521,521,521,521,521,521,521,521,521,521,521,521,521,521,521,521,521,521,521,521,521,521,521,521,521,521,521,521,521,521,521,521,521,521,521,521,521,521,521,521,521,521,521,521,521,521,521,521,521,521,521,521,521,521,521,521,521,521,521,521,521,521,521,521,521,521,521,521,521,521,521,521,521,521,521,521,521,521,521,521,521,521,521,521,521,521,521,521,521,521,521,521,521,521,521,521,521,521,521,521,521,521,521,521,521,521,521,521,521,521,521,521,521,521,521,521,521,521,521,521,521,521,521,521,521,521,521,521,521,521,521,521,521,521,521,521,521,521,521,521,521,521,521,521,521,521,521,521,521,521,521,521,521,521,521,521,521,521,521,521,521,521,521,521,521,521,521,521,521,521,521,521,521,521,521,521,521,521,521,521,521,521,521,521,521,521,521,521,521,521,521,521,521,521,521,521,521,521,521,521,521,521,521,521
321.2768536.3340454,"Perfect Weekend! 2 Great Units, Walk to 5th Avenue Shopping, Broadway",272,295,298,307,312,324,324,287,312,312,312,312,324,324,287,312,312,312,312,324,324,287,312,312,312,312,324,324,287,312,312,312,312,324,324,287,312,312,312,312,324,324,287,312,312,449,449,462,462,424,449,449,449,449,462,462,424,449,596,596,596,462,462,424,449,449,449,449,462,462,424,449,449,449,596,596,596,424,449,449,449,449,462,462,424,449,449,449,449,462,462,424,449,449,449,449,462,462,424,449,411,411,411,411,411,387,411,411,411,411,411,411,387,411,411,411,411,411,411,387,411,411,411,497,497,497,387,411,411,411,449,596,596,474,474,474,474,474,596,596,449,474,374,374,374,387,387,362,374,374,374,374,387,387,362,374,561,561,561,971,971,497,200,200,200,200,200,200,174,200,200,200,200,297,297,297,297,200,200,200,200,200,174,200,200,200,200,200,200,174,200,200,200,200,200,200,174,200,272,272,272,297,297,174,200,200,200,200,200,200,174,200,200,200,200,200,200,174,200,200,200,200,200,200,174,200,200,200,200,237,237,200,225,225,225,225,237,237,200,225,225,225,225,237,237,200,225,225,225,225,237,100,100,100,100,100,100,100,100,100,100,100,100,100,100,100,100,100,100,100,100,100,100,100,100,100,100,100,100,100,100,100,100,100,100,100,100,100,100,100,100,100,100,100,100,100,100,100,100,100,100,100,100,100,100,100,100,100,100,100,100,100,100,100,100,100,100,100,100,100,100,100,100,100,100,100,100,100,100,100,100,100,100,100,100,100,100,100,100,100,100,100,100,100,100,100,100,100,100,100,100,100,100,100,100,100,100,100,100,100,100,100,100,100,100,100,100,100,100,100,100,100,100,100,100,100,100,100,100,100,100,100,100,100,100,100,100,100,100,100,100,100,100,100,100,100,100,100,100,100,100,100,100,100,100,100,100,100,100,100,100,100,100,100,100,100,100,100,100,100,100,100,100,100,100,100,100,100,100,100,100,100,100,100,100,100,100,100,100,100,100,100,100,100,100,100,100,100,100,100,100,100,100,100,100,100,100,100,100,100,100,100,100,100,100,100,100,100,100,100,100,100,100,100,100,100,100,100,100,100,100,100,100,100,100,100,100,100,100,100,100,100,100,100,100,100,100,100,100,100,100,100,100,100,100,100,100,100,100,100,100,100,100,100,100,100,100,100,100,100,100,100,100,100,100,100,100,100,100,100,100,100,100,100,100,100,100,100,100,100,100,100,100,100,100,100,100,100,100,100,100,100,100,100,100,100,100,100,100,100,100,100,100,100,100,100,100,100,100,100,100,100,100,100,100,100,100,100,100,100,100,100,100,100,100,100,100,100,100,100,100,100,100,100,100,100,100,100,100,100,100,100,100,100,100,100,100,100,100,100,100,100,100,100,100,100,100,100,100,100,100,100,100,100,100,100,100,100,100,100,100,100,100,100,100,100,100,100,100,100,100,100,100,100,100,100,100,100,100,100,100,100,100,100,100,100,100,100,100,100,100,100,100,100,100,100,100,100,100,100,100,100,100,100,100,100,100,100,100,100,100,100,100,100,100,100,100,100,100,100,100,100,100,100,100,100,100,100,100,100,100,100,100,100,100,100,100,100,100,100,100,100,100,100,100,100,100,100,100,100,100,100,100,100,100,100,100,100,100,100
321.2768530.3340448,"Walk to Soho Shopping, Bowery Ballroom Entertainment, On-Site Restaurant",136,147,149,153,156,162,162,144,156,156,156,156,162,162,144,156,156,156,156,162,162,144,156,156,156,156,162,162,144,156,156,156,156,162,162,144,156,156,156,156,162,162,144,156,156,225,225,231,231,212,225,225,225,225,231,231,212,225,298,298,298,231,231,212,225,225,225,225,231,231,212,225,225,225,298,298,298,212,225,225,225,225,233,233,212,225,225,225,225,231,231,212,225,225,225,225,235,235,212,225,206,206,206,206,206,193,206,206,206,206,206,206,193,206,206,206,206,206,206,193,206,206,206,248,248,248,193,206,206,206,225,298,298,237,237,237,237,237,298,298,225,237,187,187,187,193,193,181,187,187,187,187,193,193,181,187,281,281,281,485,485,248,100,100,100,100,100,100,100,100,100,100,100,148,148,148,148,100,100,100,100,100,100,100,100,100,100,100,100,100,100,100,100,100,100,100,100,100,136,136,136,148,148,100,100,100,100,100,100,100,100,100,100,100,100,100,100,100,100,100,100,100,100,100,100,100,100,100,100,119,119,100,112,112,112,112,119,119,100,112,112,112,112,119,119,100,112,112,112,112,119,100,100,100,100,100,100,100,100,100,100,100,100,100,100,100,100,100,100,100,100,100,100,100,100,100,100,100,100,100,100,100,100,100,100,100,100,100,100,100,100,100,100,100,100,100,100,100,100,100,100,100,100,100,100,100,100,100,100,100,100,100,100,100,100,100,100,100,100,100,100,100,100,100,100,100,100,100,100,100,100,100,100,100,100,100,100,100,100,100,100,100,100,100,100,100,100,100,100,100,100,100,100,100,100,100,100,100,100,100,100,100,100,100,100,100,100,100,100,100,100,100,100,100,100,100,100,100,100,100,100,100,100,100,100,100,100,100,100,100,100,100,100,100,100,100,100,100,100,100,100,100,100,100,100,100,100,100,100,100,100,100,100,100,100,100,100,100,100,100,100,100,100,100,100,100,100,100,100,100,100,100,100,100,100,100,100,100,100,100,100,100,100,100,100,100,100,100,100,100,100,100,100,100,100,100,100,100,100,100,100,100,100,100,100,100,100,100,100,100,100,100,100,100,100,100,100,100,100,100,100,100,100,100,100,100,100,100,100,100,100,100,100,100,100,100,100,100,100,100,100,100,100,100,100,100,100,100,100,100,100,100,100,100,100,100,100,100,100,100,100,100,100,100,100,100,100,100,100,100,100,100,100,100,100,100,100,100,100,100,100,100,100,100,100,100,100,100,100,100,100,100,100,100,100,100,100,100,100,100,100,100,100,100,100,100,100,100,100,100,100,100,100,100,100,100,100,100,100,100,100,100,100,100,100,100,100,100,100,100,100,100,100,100,100,100,100,100,100,100,100,100,100,100,100,100,100,100,100,100,100,100,100,100,100,100,100,100,100,100,100,100,100,100,100,100,100,100,100,100,100,100,100,100,100,100,100,100,100,100,100,100,100,100,100,100,100,100,100,100,100,100,100,100,100,100,100,100,100,100,100,100,100,100,100,100,100,100,100,100,100,100,100,100,100,100,100,100,100,100,100,100,100,100,100,100,100,100,100,100,100,100,100,100,100,100,100,100,100,100,100,100,100,100,100,100,100,100,100,100,100,100,100,100,100,100,100,100,100,100,100,100,100,100,100,100,100,100,100,100
321.2768531.3340449,"Midtown Gem! Steps to Fifth Avenue Shopping, MoMA, Central Park",136,147,149,153,156,162,162,144,156,156,156,156,162,162,144,156,156,156,156,162,162,144,156,156,156,156,162,162,144,156,156,156,156,162,162,144,156,156,156,156,162,162,144,156,156,225,225,231,231,212,225,225,225,225,231,231,212,225,298,298,298,231,231,212,225,225,225,225,231,231,212,225,225,225,298,298,298,212,225,225,225,225,233,233,212,225,225,225,225,231,231,212,225,225,225,225,235,235,212,225,206,206,206,206,206,193,206,206,206,206,206,206,193,206,206,206,206,206,206,193,206,206,206,248,248,248,193,206,206,206,225,298,298,237,237,237,237,237,298,298,225,237,187,187,187,193,193,181,187,187,187,187,193,193,181,187,281,281,281,485,485,248,100,100,100,100,100,100,100,100,100,100,100,148,148,148,148,100,100,100,100,100,100,100,100,100,100,100,100,100,100,100,100,100,100,100,100,100,136,136,136,148,148,100,100,100,100,100,100,100,100,100,100,100,100,100,100,100,100,100,100,100,100,100,100,100,100,100,100,119,119,100,112,112,112,112,119,119,100,112,112,112,112,119,119,100,112,112,112,112,119,100,100,100,100,100,100,100,100,100,100,100,100,100,100,100,100,100,100,100,100,100,100,100,100,100,100,100,100,100,100,100,100,100,100,100,100,100,100,100,100,100,100,100,100,100,100,100,100,100,100,100,100,100,100,100,100,100,100,100,100,100,100,100,100,100,100,100,100,100,100,100,100,100,100,100,100,100,100,100,100,100,100,100,100,100,100,100,100,100,100,100,100,100,100,100,100,100,100,100,100,100,100,100,100,100,100,100,100,100,100,100,100,100,100,100,100,100,100,100,100,100,100,100,100,100,100,100,100,100,100,100,100,100,100,100,100,100,100,100,100,100,100,100,100,100,100,100,100,100,100,100,100,100,100,100,100,100,100,100,100,100,100,100,100,100,100,100,100,100,100,100,100,100,100,100,100,100,100,100,100,100,100,100,100,100,100,100,100,100,100,100,100,100,100,100,100,100,100,100,100,100,100,100,100,100,100,100,100,100,100,100,100,100,100,100,100,100,100,100,100,100,100,100,100,100,100,100,100,100,100,100,100,100,100,100,100,100,100,100,100,100,100,100,100,100,100,100,100,100,100,100,100,100,100,100,100,100,100,100,100,100,100,100,100,100,100,100,100,100,100,100,100,100,100,100,100,100,100,100,100,100,100,100,100,100,100,100,100,100,100,100,100,100,100,100,100,100,100,100,100,100,100,100,100,100,100,100,100,100,100,100,100,100,100,100,100,100,100,100,100,100,100,100,100,100,100,100,100,100,100,100,100,100,100,100,100,100,100,100,100,100,100,100,100,100,100,100,100,100,100,100,100,100,100,100,100,100,100,100,100,100,100,100,100,100,100,100,100,100,100,100,100,100,100,100,100,100,100,100,100,100,100,100,100,100,100,100,100,100,100,100,100,100,100,100,100,100,100,100,100,100,100,100,100,100,100,100,100,100,100,100,100,100,100,100,100,100,100,100,100,100,100,100,100,100,100,100,100,100,100,100,100,100,100,100,100,100,100,100,100,100,100,100,100,100,100,100,100,100,100,100,100,100,100,100,100,100,100,100,100,100,100,100,100,100,100,100,100,100,100,100,100,100,100,100,100,100,100,100
321.2827237.3399250,"A Trip To The Most Vibrant City! 2 Sleek Units, Dining, Near Madison Square!",272,295,298,307,312,324,324,287,312,312,312,312,324,324,287,312,312,312,312,324,324,287,312,312,312,312,324,324,287,312,312,312,312,324,324,287,312,312,312,312,324,324,287,312,312,449,449,462,462,424,449,449,449,449,462,462,424,449,596,596,596,462,462,424,449,449,449,449,462,462,424,449,449,449,596,596,596,424,449,449,449,449,462,462,424,449,449,449,449,462,462,424,449,449,449,449,462,462,424,449,411,411,411,411,411,387,411,411,411,411,411,411,387,411,411,411,411,411,411,387,411,411,411,497,497,497,387,411,411,411,449,596,596,474,474,474,474,474,596,596,449,474,374,374,374,387,387,362,374,374,374,374,387,387,362,374,561,561,561,971,971,497,200,200,200,200,200,200,174,200,200,200,200,297,297,297,297,200,200,200,200,200,174,200,200,200,200,200,200,174,200,200,200,200,200,200,174,200,272,272,272,297,297,174,200,200,200,200,200,200,174,200,200,200,200,200,200,174,200,200,200,200,200,200,174,200,200,200,200,237,237,200,225,225,225,225,237,237,200,225,225,225,225,237,237,200,225,225,225,225,237,100,100,100,100,100,100,100,100,100,100,100,100,100,100,100,100,100,100,100,100,100,100,100,100,100,100,100,100,100,100,100,100,100,100,100,100,100,100,100,100,100,100,100,100,100,100,100,100,100,100,100,100,100,100,100,100,100,100,100,100,100,100,100,100,100,100,100,100,100,100,100,100,100,100,100,100,100,100,100,100,100,100,100,100,100,100,100,100,100,100,100,100,100,100,100,100,100,100,100,100,100,100,100,100,100,100,100,100,100,100,100,100,100,100,100,100,100,100,100,100,100,100,100,100,100,100,100,100,100,100,100,100,100,100,100,100,100,100,100,100,100,100,100,100,100,100,100,100,100,100,100,100,100,100,100,100,100,100,100,100,100,100,100,100,100,100,100,100,100,100,100,100,100,100,100,100,100,100,100,100,100,100,100,100,100,100,100,100,100,100,100,100,100,100,100,100,100,100,100,100,100,100,100,100,100,100,100,100,100,100,100,100,100,100,100,100,100,100,100,100,100,100,100,100,100,100,100,100,100,100,100,100,100,100,100,100,100,100,100,100,100,100,100,100,100,100,100,100,100,100,100,100,100,100,100,100,100,100,100,100,100,100,100,100,100,100,100,100,100,100,100,100,100,100,100,100,100,100,100,100,100,100,100,100,100,100,100,100,100,100,100,100,100,100,100,100,100,100,100,100,100,100,100,100,100,100,100,100,100,100,100,100,100,100,100,100,100,100,100,100,100,100,100,100,100,100,100,100,100,100,100,100,100,100,100,100,100,100,100,100,100,100,100,100,100,100,100,100,100,100,100,100,100,100,100,100,100,100,100,100,100,100,100,100,100,100,100,100,100,100,100,100,100,100,100,100,100,100,100,100,100,100,100,100,100,100,100,100,100,100,100,100,100,100,100,100,100,100,100,100,100,100,100,100,100,100,100,100,100,100,100,100,100,100,100,100,100,100,100,100,100,100,100,100,100,100,100,100,100,100,100,100,100,100,100,100,100,100,100,100,100,100,100,100,100,100,100,100,100,100,100,100,100,100,100,100,100,100,100,100,100,100,100,100,100,100,100,100,100,100,100,100,100,100,100,100,100,100,100
321.2768532.3340450,"Relax and Unwind! Just Minutes to Broadway & Times Square, Pet-Friendly",136,147,149,153,156,162,162,144,156,156,156,156,162,162,144,156,156,156,156,162,162,144,156,156,156,156,162,162,144,156,156,156,156,162,162,144,156,156,156,156,162,162,144,156,156,225,225,231,231,212,225,225,225,225,231,231,212,225,298,298,298,231,231,212,225,225,225,225,231,231,212,225,225,225,298,298,298,212,225,225,225,225,233,233,212,225,225,225,225,231,231,212,225,225,225,225,235,235,212,225,206,206,206,206,206,193,206,206,206,206,206,206,193,206,206,206,206,206,206,193,206,206,206,248,248,248,193,206,206,206,225,298,298,237,237,237,237,237,298,298,225,237,187,187,187,193,193,181,187,187,187,187,193,193,181,187,281,281,281,485,485,248,100,100,100,100,100,100,100,100,100,100,100,148,148,148,148,100,100,100,100,100,100,100,100,100,100,100,100,100,100,100,100,100,100,100,100,100,136,136,136,148,148,100,100,100,100,100,100,100,100,100,100,100,100,100,100,100,100,100,100,100,100,100,100,100,100,100,100,119,119,100,112,112,112,112,119,119,100,112,112,112,112,119,119,100,112,112,112,112,119,100,100,100,100,100,100,100,100,100,100,100,100,100,100,100,100,100,100,100,100,100,100,100,100,100,100,100,100,100,100,100,100,100,100,100,100,100,100,100,100,100,100,100,100,100,100,100,100,100,100,100,100,100,100,100,100,100,100,100,100,100,100,100,100,100,100,100,100,100,100,100,100,100,100,100,100,100,100,100,100,100,100,100,100,100,100,100,100,100,100,100,100,100,100,100,100,100,100,100,100,100,100,100,100,100,100,100,100,100,100,100,100,100,100,100,100,100,100,100,100,100,100,100,100,100,100,100,100,100,100,100,100,100,100,100,100,100,100,100,100,100,100,100,100,100,100,100,100,100,100,100,100,100,100,100,100,100,100,100,100,100,100,100,100,100,100,100,100,100,100,100,100,100,100,100,100,100,100,100,100,100,100,100,100,100,100,100,100,100,100,100,100,100,100,100,100,100,100,100,100,100,100,100,100,100,100,100,100,100,100,100,100,100,100,100,100,100,100,100,100,100,100,100,100,100,100,100,100,100,100,100,100,100,100,100,100,100,100,100,100,100,100,100,100,100,100,100,100,100,100,100,100,100,100,100,100,100,100,100,100,100,100,100,100,100,100,100,100,100,100,100,100,100,100,100,100,100,100,100,100,100,100,100,100,100,100,100,100,100,100,100,100,100,100,100,100,100,100,100,100,100,100,100,100,100,100,100,100,100,100,100,100,100,100,100,100,100,100,100,100,100,100,100,100,100,100,100,100,100,100,100,100,100,100,100,100,100,100,100,100,100,100,100,100,100,100,100,100,100,100,100,100,100,100,100,100,100,100,100,100,100,100,100,100,100,100,100,100,100,100,100,100,100,100,100,100,100,100,100,100,100,100,100,100,100,100,100,100,100,100,100,100,100,100,100,100,100,100,100,100,100,100,100,100,100,100,100,100,100,100,100,100,100,100,100,100,100,100,100,100,100,100,100,100,100,100,100,100,100,100,100,100,100,100,100,100,100,100,100,100,100,100,100,100,100,100,100,100,100,100,100,100,100,100,100,100,100,100,100,100,100,100,100,100,100,100,100,100,100,100,100,100,100,100,100,100,100,100,100
321.2768535.3340453,"Convenient Stay! 2 Sleek Units, Near Times Square, Central Park",272,295,298,307,312,324,324,287,312,312,312,312,324,324,287,312,312,312,312,324,324,287,312,312,312,312,324,324,287,312,312,312,312,324,324,287,312,312,312,312,324,324,287,312,312,449,449,462,462,424,449,449,449,449,462,462,424,449,596,596,596,462,462,424,449,449,449,449,462,462,424,449,449,449,596,596,596,424,449,449,449,449,462,462,424,449,449,449,449,462,462,424,449,449,449,449,462,462,424,449,411,411,411,411,411,387,411,411,411,411,411,411,387,411,411,411,411,411,411,387,411,411,411,497,497,497,387,411,411,411,449,596,596,474,474,474,474,474,596,596,449,474,374,374,374,387,387,362,374,374,374,374,387,387,362,374,561,561,561,971,971,497,200,200,200,200,200,200,174,200,200,200,200,297,297,297,297,200,200,200,200,200,174,200,200,200,200,200,200,174,200,200,200,200,200,200,174,200,272,272,272,297,297,174,200,200,200,200,200,200,174,200,200,200,200,200,200,174,200,200,200,200,200,200,174,200,200,200,200,237,237,200,225,225,225,225,237,237,200,225,225,225,225,237,237,200,225,225,225,225,237,100,100,100,100,100,100,100,100,100,100,100,100,100,100,100,100,100,100,100,100,100,100,100,100,100,100,100,100,100,100,100,100,100,100,100,100,100,100,100,100,100,100,100,100,100,100,100,100,100,100,100,100,100,100,100,100,100,100,100,100,100,100,100,100,100,100,100,100,100,100,100,100,100,100,100,100,100,100,100,100,100,100,100,100,100,100,100,100,100,100,100,100,100,100,100,100,100,100,100,100,100,100,100,100,100,100,100,100,100,100,100,100,100,100,100,100,100,100,100,100,100,100,100,100,100,100,100,100,100,100,100,100,100,100,100,100,100,100,100,100,100,100,100,100,100,100,100,100,100,100,100,100,100,100,100,100,100,100,100,100,100,100,100,100,100,100,100,100,100,100,100,100,100,100,100,100,100,100,100,100,100,100,100,100,100,100,100,100,100,100,100,100,100,100,100,100,100,100,100,100,100,100,100,100,100,100,100,100,100,100,100,100,100,100,100,100,100,100,100,100,100,100,100,100,100,100,100,100,100,100,100,100,100,100,100,100,100,100,100,100,100,100,100,100,100,100,100,100,100,100,100,100,100,100,100,100,100,100,100,100,100,100,100,100,100,100,100,100,100,100,100,100,100,100,100,100,100,100,100,100,100,100,100,100,100,100,100,100,100,100,100,100,100,100,100,100,100,100,100,100,100,100,100,100,100,100,100,100,100,100,100,100,100,100,100,100,100,100,100,100,100,100,100,100,100,100,100,100,100,100,100,100,100,100,100,100,100,100,100,100,100,100,100,100,100,100,100,100,100,100,100,100,100,100,100,100,100,100,100,100,100,100,100,100,100,100,100,100,100,100,100,100,100,100,100,100,100,100,100,100,100,100,100,100,100,100,100,100,100,100,100,100,100,100,100,100,100,100,100,100,100,100,100,100,100,100,100,100,100,100,100,100,100,100,100,100,100,100,100,100,100,100,100,100,100,100,100,100,100,100,100,100,100,100,100,100,100,100,100,100,100,100,100,100,100,100,100,100,100,100,100,100,100,100,100,100,100,100,100,100,100,100,100,100,100,100,100,100,100,100,100,100,100,100,100,100,100,100,100
321.2768545.3340463,"Just What You Were Looking For! 4 Convenient Units, Near Broadway",543,590,596,613,635,661,648,574,624,624,624,624,648,648,574,624,624,624,624,648,648,574,624,624,624,624,648,648,574,624,624,624,624,648,648,574,624,624,624,624,648,648,574,624,624,898,898,923,923,849,898,898,898,898,923,923,849,898,1193,1193,1193,923,923,849,898,898,898,898,923,923,849,898,898,898,1193,1193,1193,849,898,898,898,898,923,923,849,898,898,898,898,923,923,849,898,898,898,898,923,923,849,898,824,824,824,824,824,774,824,824,824,824,824,824,774,824,824,824,824,824,824,774,824,824,824,993,993,993,774,824,824,824,898,1193,1193,948,948,948,948,948,1193,1193,898,948,749,749,749,774,774,723,749,749,749,749,774,774,723,749,1122,1122,1122,1942,1942,993,399,399,399,399,399,399,349,399,399,399,399,600,600,600,593,399,399,399,399,399,349,399,399,399,399,399,399,349,399,399,399,399,399,399,349,399,544,544,544,593,593,349,399,399,399,399,399,399,349,399,399,399,399,399,399,349,399,399,399,399,399,399,349,399,399,399,399,474,474,399,449,449,449,449,474,474,399,449,449,449,449,474,474,399,449,449,449,449,474,100,100,100,100,100,100,100,100,100,100,100,100,100,100,100,100,100,100,100,100,100,100,100,100,100,100,100,100,100,100,100,100,100,100,100,100,100,100,100,100,100,100,100,100,100,100,100,100,100,100,100,100,100,100,100,100,100,100,100,100,100,100,100,100,100,100,100,100,100,100,100,100,100,100,100,100,100,100,100,100,100,100,100,100,100,100,100,100,100,100,100,100,100,100,100,100,100,100,100,100,100,100,100,100,100,100,100,100,100,100,100,100,100,100,100,100,100,100,100,100,100,100,100,100,100,100,100,100,100,100,100,100,100,100,100,100,100,100,100,100,100,100,100,100,100,100,100,100,100,100,100,100,100,100,100,100,100,100,100,100,100,100,100,100,100,100,100,100,100,100,100,100,100,100,100,100,100,100,100,100,100,100,100,100,100,100,100,100,100,100,100,100,100,100,100,100,100,100,100,100,100,100,100,100,100,100,100,100,100,100,100,100,100,100,100,100,100,100,100,100,100,100,100,100,100,100,100,100,100,100,100,100,100,100,100,100,100,100,100,100,100,100,100,100,100,100,100,100,100,100,100,100,100,100,100,100,100,100,100,100,100,100,100,100,100,100,100,100,100,100,100,100,100,100,100,100,100,100,100,100,100,100,100,100,100,100,100,100,100,100,100,100,100,100,100,100,100,100,100,100,100,100,100,100,100,100,100,100,100,100,100,100,100,100,100,100,100,100,100,100,100,100,100,100,100,100,100,100,100,100,100,100,100,100,100,100,100,100,100,100,100,100,100,100,100,100,100,100,100,100,100,100,100,100,100,100,100,100,100,100,100,100,100,100,100,100,100,100,100,100,100,100,100,100,100,100,100,100,100,100,100,100,100,100,100,100,100,100,100,100,100,100,100,100,100,100,100,100,100,100,100,100,100,100,100,100,100,100,100,100,100,100,100,100,100,100,100,100,100,100,100,100,100,100,100,100,100,100,100,100,100,100,100,100,100,100,100,100,100,100,100,100,100,100,100,100,100,100,100,100,100,100,100,100,100,100,100,100,100,100,100,100,100,100,100,100,100,100,100,100,100,100,100,100,100,100,100,100,100
